job_title, company_name, job_adress, job_type, exp_years, exp_level 
Data Analyst,Royal Lab -,Heliopolis_Cairo_Egypt,Full TimeOn-site,· 4 - 5 Yrs of Exp,Experienced
Data Analyst,Confidential -,Qalyub_Qalubia_Egypt,Full TimeOn-site,· 2 - 4 Yrs of Exp,Experienced
Data Analyst,WonderOps LLC -,Boulder_United States,Full TimeRemote,Data Analysis,Entry Level
Commercial Data Analyst,Ibn Sina Pharma -,New Cairo_Cairo_Egypt,Full TimeOn-site,· 1 - 3 Yrs of Exp,Entry Level
Data Analyst,Ashtar Tech    -,New Capital_Cairo_Egypt,Full TimeOn-site,· 3 - 7 Yrs of Exp,Senior Management
Senior Data Analyst,Al Ahly capital holding - Al Ahly Tamkeen -,Zamalek_Cairo_Egypt,Full TimeOn-site,· 3 - 5 Yrs of Exp,Experienced
Senior Data Analyst,El-nour for vegetable and fruits supplies  -,Obour City_Cairo_Egypt,Full TimeOn-site,· 3 - 4 Yrs of Exp,Manager
Data Analyst,Qureos -,Cairo_Egypt,Full TimeOn-site,· 1 - 3 Yrs of Exp,Entry Level
Data Analyst,Optimarc pharma -,Sheraton_Cairo_Egypt,Full TimeOn-site,· 1 - 3 Yrs of Exp,Entry Level
Data Analyst,Engosoft -,Nasr City_Cairo_Egypt,Full TimeOn-site,· 2 - 4 Yrs of Exp,Experienced
Financial Analyst,Nacita -,6th of October_Giza_Egypt,Full TimeOn-site,· 1 - 3 Yrs of Exp,Experienced
Data Analyst,Confidential -,Mohandessin_Giza_Egypt,Full TimeHybrid,· 1 - 2 Yrs of Exp,Entry Level
System Analyst,Equivator -,Riyadh_Saudi Arabia,Full TimeRemote,· 5 - 10 Yrs of Exp,Experienced
Software Business Analyst,Confidential -,Alexandria_Egypt,Full TimePart TimeFreelance / ProjectRemote,Freelance / Project,Experienced
Commodity Analyst,Cairo Three A  for International Industries. -,New Cairo_Cairo_Egypt,Full TimeOn-site,· 1 - 3 Yrs of Exp,Entry Level
Data Analyst,CRIF EGYPT -,Heliopolis_Cairo_Egypt,Full TimeOn-site,· 5 - 7 Yrs of Exp,Experienced
BI Analyst,Teleperformance - Egypt -,Katameya_Cairo_Egypt,Full TimeOn-site,· 1+ Yrs of Exp,Experienced
MIS & Planning Analyst,B.TECH -,Nasr City_Cairo_Egypt,Full TimeOn-site,· 3 - 7 Yrs of Exp,Experienced
Business Analyst,Transformation Experts -,Cairo_Egypt,Full TimeFreelance / ProjectRemote,Remote,Experienced
Data Analyst Team Leader,3Sixty -,Mohandessin_Giza_Egypt,Full TimeHybrid,· 3 - 5 Yrs of Exp,Experienced
Business Analyst Manager,Aqarmap.com -,Nasr City_Cairo_Egypt,Full TimeOn-site,· 3 - 7 Yrs of Exp,Manager
Business Data Analyst,Fawry Plus -,Smart Village_Giza_Egypt,Full TimeOn-site,· 1 - 3 Yrs of Exp,Experienced
Data/Business Analyst Intern,kafiil -,Maadi_Cairo_Egypt,InternshipOn-site,Data Analysis,Entry Level
Financial Data Analyst,Influence Communication -,Maadi_Cairo_Egypt,Full TimeOn-site,· 2 - 4 Yrs of Exp,Experienced
Business Analyst,egabi solutions -,Sheraton_Cairo_Egypt,Full TimeOn-site,· 3 - 7 Yrs of Exp,Experienced
Commercial Excellence Analyst ( Sales Analyst ),Infinity Clinic Pharma -,Nasr City_Cairo_Egypt,Full TimeOn-site,· 3+ Yrs of Exp,Experienced
Market Research Analyst,Iktmal Solutions -,Nasr City_Cairo_Egypt,InternshipHybrid,· males_preferred,Entry Level
Market Research Analyst,GT World OF Beauty -,Sheraton_Cairo_Egypt,Full TimeOn-site,· 2 - 4 Yrs of Exp,Experienced
Senior Investment Risk Analyst- Mid Office Investment,Allianz -,New Cairo_Cairo_Egypt,Full TimeOn-site,· 1 - 3 Yrs of Exp,Experienced
Business Intelligence Analyst (MicroStrategy) - Banking Sector,BBI-Consultancy -,Downtown_Cairo_Egypt,Full TimeOn-site,· 3 - 4 Yrs of Exp,Experienced
Financial Systems Analyst,NOBLE FINANCIAL SOLUTIONS LTD -,Boulaq_Cairo_Egypt,Full TimeHybrid,· 1 - 3 Yrs of Exp,Entry Level
Quality Monitoring Analyst (Englsih B2),Xceed Contact Center -,Cairo_Egypt,Full TimeOn-site,· 1+ Yrs of Exp,Experienced
Software Business Analyst,Obeikan Digital Solutions -,Cairo_Egypt,Full TimeHybrid,· 3 - 6 Yrs of Exp,Experienced
French Quality Assurance Analyst,Teleperformance - Egypt -,Katameya_Cairo_Egypt,Full TimeOn-site,· 1+ Yrs of Exp,Experienced
WFM Real Time Analyst - German Speaker,Teleperformance - Egypt -,Katameya_Cairo_Egypt,Full TimeOn-site,· 1 - 5 Yrs of Exp,Experienced
Financial Analyst/Intern,Intercap Capital  -,Dokki_Giza_Egypt,InternshipOn-site,· 0 - 1 Yrs of Exp,Entry Level
Pricing and Business Support Analyst,Confidential -,Maadi_Cairo_Egypt,Full TimeOn-site,· 1 - 3 Yrs of Exp,Experienced
Data Analyst,Talaat Moustafa Group -,Dokki_Giza_Egypt,Full TimeOn-site,· 1 - 3 Yrs of Exp,Entry Level
QA Analyst - German Speakers,Teleperformance - Egypt -,New Cairo_Cairo_Egypt,Full TimeOn-site,· 1 - 4 Yrs of Exp,Experienced
Data Analyst,Mazaya -,New Cairo_Cairo_Egypt,Full TimeShift BasedOn-site,On-site,Experienced
Senior Financial Analyst,Al Ahly Medical Company -,Giza_Giza_Egypt,Full TimeOn-site,· 3 - 5 Yrs of Exp,Experienced
QA Analyst - Italian Speakers,Teleperformance - Egypt -,New Cairo_Cairo_Egypt,Full TimeOn-site,· 1 - 4 Yrs of Exp,Experienced
Actuarial Analyst,Allianz -,New Cairo_Cairo_Egypt,Full TimeOn-site,· 0 - 2 Yrs of Exp,Entry Level
Financial Analyst,Hands of Hope Physical Therapy & Wellness -,Maadi_Cairo_Egypt,Full TimeOn-site,· 5 - 7 Yrs of Exp,Experienced
Statistics Analyst,(Delta Textile Egypt) -,Cairo_Egypt,Full TimeOn-site,· 1 - 2 Yrs of Exp,Experienced
Financial Analyst,Kgroup -,New Cairo_Cairo_Egypt,Full TimeOn-site,· 3 - 5 Yrs of Exp,Experienced
Financial Analyst,Zat care -,Cairo_Egypt,Part TimeRemote,· 1 - 4 Yrs of Exp,Experienced
Data Analyst,Rotem SRS -,Cairo_Egypt,Full TimeOn-site,· 2 - 3 Yrs of Exp,Experienced
Compliance Analyst,Teleperformance - Egypt -,Cairo_Egypt,Full TimeRemote,· 3+ Yrs of Exp,Experienced
Data Analyst,Al Watania Poultry -,Smart Village_Giza_Egypt,Full TimeOn-site,· 2 - 4 Yrs of Exp,Experienced
Data Analyst,EGEC -,Haram_Giza_Egypt,Full TimeOn-site,· 2 - 5 Yrs of Exp,Experienced
Quality Monitoring Analyst (Call Center),Xceed Contact Center -,Maadi_Cairo_Egypt,Full TimeOn-site,· 1 - 5 Yrs of Exp,Experienced
Workforce Manager Real Time Analyst - Spanish and English speaker,Teleperformance - Egypt -,Katameya_Cairo_Egypt,Full TimeOn-site,· 1+ Yrs of Exp,Experienced
Senior Financial Planning Analyst,Sky Holding -,Cairo_Egypt,Full TimeOn-site,· 3 - 4 Yrs of Exp,Experienced
Market Research Analyst,Confidential -,Cairo_Egypt,Full TimeOn-site,· 2 - 4 Yrs of Exp,Experienced
Financial Analyst,B.TECH -,Nasr City_Cairo_Egypt,Full TimeOn-site,· 1 - 4 Yrs of Exp,Entry Level
Quality Assurance Analyst - English Speaker,Teleperformance - Egypt -,New Cairo_Cairo_Egypt,Full TimeRemote,· 1 - 5 Yrs of Exp,Experienced
Data Analyst,Sisco Jobs -,Dubai_United Arab Emirates,Full Time, Analysis,Entry Level
HR Analyst,Fawry MSME Finance  -,Giza_Egypt,Full TimeOn-site,· 1 - 3 Yrs of Exp,Experienced
Data Analyst,Noon - The Social Learning Platform -,Riyadh_Saudi Arabia,Full Time, Analysis,Entry Level
Data Analyst (0 Experience Required),Peroptyx -,Riyadh_Saudi Arabia,Freelance / Project, Analysis,Entry Level
Data Analyst - Intern (Remote Internship - Data Analysis),Kreativstorm -,Riyadh_Saudi Arabia,Full Time, Analysis,Student
Data Analyst - Abu Dhabi,HDR -,Dubai_United Arab Emirates,Full Time, Analysis,Experienced
Urgent Hiring for Data Analyst,PRIME IMMIGRATION LTD -,Dubai_United Arab Emirates,Full Time,not specified,Entry Level
QA Analyst - Spanish Speakers,Teleperformance - Egypt -,New Cairo_Cairo_Egypt,Full TimeRemote,· 1 - 4 Yrs of Exp,Experienced
Remote Data Integrity Analyst,Intoude Foundation Too -,Kuwait City_Kuwait,Full Time,not specified,Experienced
Senior Data Science Analyst,Qatar Airways -,Doha_Qatar,Full Time, Analysis,Entry Level
Data Analyst/Market Researcher,Intoude Foundation Too -,Dubai_United Arab Emirates,Full Time, Analysis,Entry Level
QA Analyst - French Speakers,Teleperformance - Egypt -,New Cairo_Cairo_Egypt,Full TimeRemote,· 1 - 4 Yrs of Exp,Experienced
System Analyst/Technical Writer,Tamweely -,Cairo_Egypt,Full TimeOn-site,· 3 - 5 Yrs of Exp,Experienced
Data Analyst/Market Researcher,Intoude Foundation -,Kuwait City_Kuwait,Full Time, Analysis,Entry Level
Senior ERP Business Analyst,BI-Technologies -,New Cairo_Cairo_Egypt,Full TimeHybrid,· 5+ Yrs of Exp,Experienced
Data Analyst,InvestSky | Social Investing -,Dubai_United Arab Emirates,Full Time, Analysis,Entry Level
Automation and Data Analyst Architect,VAme Ltd -,Dubai_United Arab Emirates,Full Time,not specified,Entry Level
Senior Financial Analyst,Etqan -,New Cairo_Cairo_Egypt,Full TimeOn-site,· 3 - 7 Yrs of Exp,Experienced
Data Analyst,PRIME IMMIGRATION LTD -,Riyadh_Saudi Arabia,Full Time, Analysis,Entry Level
IT Analyst,Dora Management Solutions -,Sheraton_Cairo_Egypt,Full TimeOn-site,· 3 - 6 Yrs of Exp,Experienced
Remote Data Integrity Analyst,Intoude Foundation -,Kuwait City_Kuwait,Full Time,not specified,Experienced
Full-time Data Entry Analyst - Entry level (Remote),ScoutMine -,Dubai_United Arab Emirates,Full Time,not specified,Not specified
Entry-level Data Entry Analyst (Remote),ScoutMine -,Riyadh_Saudi Arabia,Full Time, Entry,Not specified
Business Analyst,Confidential -,Dokki_Giza_Egypt,Full TimeOn-site,· 3 - 7 Yrs of Exp,Experienced
Market Analyst - Intern (Remote Internship - Market Research),Kreativstorm -,Riyadh_Saudi Arabia,Part Time,not specified,Student
Quantitative Analyst (Quant),AudaCity Capital Management -,Kuwait City_Kuwait,Full Time, analysis,Experienced
Pricing Analyst,DSV - Global Transport and Logistics -,Kuwait City_Kuwait,Full Time,not specified,Experienced
Senior Analyst - Cities_ regions strategy,Boston Consulting Group (BCG) -,Riyadh_Saudi Arabia,Full Time,not specified,Experienced
Pricing Analyst 3,GovCIO -,Kuwait City_Kuwait,Full Time,not specified,Experienced
Consumer Behavior Analyst,Intoude Foundation Too -,Kuwait City_Kuwait,Full Time,not specified,Experienced
Quality Analyst,PRIME IMMIGRATION LTD -,Dubai_United Arab Emirates,Full Time,not specified,Experienced
Hiring for Quality Analyst,PRIME IMMIGRATION LTD -,Dubai_United Arab Emirates,Full Time,not specified,Experienced
Informatica PowerCenter Data Integration Developer,BBI-Consultancy -,Downtown_Cairo_Egypt,Full TimeOn-site,· 3 - 4 Yrs of Exp,Experienced
Big Data Engineer,Wakeb Data -,Mohandessin_Giza_Egypt,Full TimeOn-site,· 5 - 7 Yrs of Exp,Experienced
Strategy Analyst,Transmar International  -,New Cairo_Cairo_Egypt,Full TimeOn-site,· 2 - 4 Yrs of Exp,Entry Level
Cost Control manager and Inventory Control Manager,DC Industries Egypt -,Cairo_Egypt,Full TimeOn-site,· 2 - 6 Yrs of Exp,Manager
Sr. IT Planning Analyst,Dev2Work LLC -,Doha_Qatar,Full Time,not specified,Experienced
Data Engineer,USYTech -,Heliopolis_Cairo_Egypt,Full TimeHybrid,Data,Entry Level
Tax Accountant,Confidential -,6th of October_Giza_Egypt,Full TimeOn-site,· 3 - 7 Yrs of Exp,Experienced
Financial Planning And Analysis,Tiba Egypt  -,Katameya_Cairo_Egypt,Full TimeShift BasedOn-site,On-site,Experienced
Cost Accountant,Globex Trading -,New Cairo_Cairo_Egypt,Full TimeOn-site,· 3+ Yrs of Exp,Experienced
Business Analyst,Cloud Continuum  -,New Cairo_Cairo_Egypt,Full TimeOn-site,· 2 - 5 Yrs of Exp,Experienced
Cost Manager,Luna Pac -,Giza_Egypt,Full TimeOn-site,· 7 - 10 Yrs of Exp,Manager
Cost Accountant,Marseilia -,Alexandria_Egypt,Full TimeOn-site,· 7 - 10 Yrs of Exp,Experienced
Junior Compliance Analyst (Remote),Kreativstorm -,Riyadh_Saudi Arabia,Full Time, Analysis,Experienced
Senior Data Engineer,Nahdet Misr Publishing Group -,Mohandessin_Giza_Egypt,Full TimeHybrid,· 4 - 6 Yrs of Exp,Experienced
Financial Analyst - Al Shorouk Hospital,Cleopatra Hospitals Group -,Mohandessin_Giza_Egypt,Full TimeOn-site,· 2 - 3 Yrs of Exp,Entry Level
Senior Manager_ Data Scientist,Ooredoo Kuwait -,Kuwait City_Kuwait,Full Time, Management,Experienced
System/Identity Engineer,Teleperformance - Egypt -,Katameya_Cairo_Egypt,Full TimeOn-site,· 3 - 5 Yrs of Exp,Experienced
Senior Data Integration Engineer,e-finance -,Smart Village_Giza_Egypt,Full TimeOn-site,· 3 - 5 Yrs of Exp,Experienced
Business Analyst,Truelancer.com -,Riyadh_Saudi Arabia,Full Time,not specified,Entry Level
Business Analyst - CRM,Virtusa -,Dubai_United Arab Emirates,Full Time,not specified,Entry Level
Financial Analyst,Dr.Soliman Fakeeh Hospital Jeddah -,Makkah_Saudi Arabia,Full Time,not specified,Entry Level
Junior Financial Analyst (Remote),Kreativstorm -,Riyadh_Saudi Arabia,Full Time,not specified,Entry Level
Early Career Trainee - Sales Growth Analyst,GE Renewable Energy -,Riyadh_Saudi Arabia,Freelance / Project,not specified,Student
Strategy Analyst Consultant,Intoude Foundation Too -,Kuwait City_Kuwait,Full Time,not specified,Experienced
Product Research Analyst,Intoude Foundation Too -,Kuwait City_Kuwait,Full Time,not specified,Experienced
Financial Analyst - MEA,Johnson & Johnson -,Riyadh_Saudi Arabia,Full Time,not specified,Entry Level
Strategy Analyst Consultant,Voli_Agency _LLC -,Riyadh_Saudi Arabia,Full Time,not specified,Experienced
Lead Media Analyst,stc -,Riyadh_Saudi Arabia,Full Time,not specified,Entry Level
Brand Research Analyst,Intoude Foundation Too -,Kuwait City_Kuwait,Full Time,not specified,Experienced
Senior Core Analyst,Saybolt Pakistan Limited -,Dubai_United Arab Emirates,Full Time,not specified,Experienced
Senior Business Analyst (Qatar),Surge Global -,Doha_Qatar,Freelance / Project,not specified,Experienced
Brand Research Analyst,Voli_Agency _LLC -,Riyadh_Saudi Arabia,Full Time,not specified,Experienced
Junior Financial Planner (Remote),Kreativstorm -,Riyadh_Saudi Arabia,Full Time,not specified,Entry Level
Senior Treasury Analyst,QatarEnergy LNG -,Doha_Qatar,Full Time,not specified,Experienced
Application Support Analyst,RLDatix -,Riyadh_Saudi Arabia,Full Time,not specified,Entry Level
Early Career training ship -  Operation Analyst,GE Vernova -,Riyadh_Saudi Arabia,Full Time,not specified,Student
Investment Banking - MENA Coverage - Analyst / Associate - Dubai,JPMorgan Chase & Co. -,Dubai_United Arab Emirates,Full Time,not specified,Not specified
Big Data Consultant,Exco Egypt -,Nasr City_Cairo_Egypt,Full TimeOn-site,· 10 - 16 Yrs of Exp,Manager
Senior Analyst Enterprise Architecture,Dev2Work LLC -,Doha_Qatar,Full Time,not specified,Experienced
Business Analyst_ Tenders and Order-to-Cash,Boston Scientific -,Riyadh_Saudi Arabia,Full Time,not specified,Experienced
Financial Analyst,Lifera -,Riyadh_Saudi Arabia,Full Time,not specified,Senior Management
Credit Analyst,JOBWORLD INDIA -,Dubai_United Arab Emirates,Full Time,not specified,Entry Level
Data Allocation Specialist / Data Entry,Selah ElTelmeez For Publishing & printing -,Obour City_Cairo_Egypt,Full TimeOn-site,· 0 - 1 Yrs of Exp,Entry Level
Junior Business Analyst (Remote),Kreativstorm -,Dubai_United Arab Emirates,Full Time,not specified,Entry Level
R&D Methodology Senior Specialist,Atco Pharma For Pharmaceutical Industries -,Quweisna_Monufya_Egypt,Full TimeOn-site,· 2 - 5 Yrs of Exp,Experienced
Market & Operations Analyst,Energetech -,Dubai_United Arab Emirates,Full Time,not specified,Experienced
Emirati National - Technology Analyst,Avanade -,Dubai_United Arab Emirates,Part Time,not specified,Experienced
Data Modeler,BBI-Consultancy -,Maadi_Cairo_Egypt,Full TimeHybrid,· 1 - 3 Yrs of Exp,Entry Level
accounting,Emeco Travel  -,Aswan_Aswan_Egypt,Full TimeRemote,· 0 - 2 Yrs of Exp,Entry Level
BI & Data Analytics Consultant,Mantrac -,Alexandria_Egypt,Full TimeOn-site,· 5 - 7 Yrs of Exp,Experienced
Data Analytics Engineer,Erada -,Maadi_Cairo_Egypt,Full TimeOn-site,· 3 - 4 Yrs of Exp,Experienced
Automotive Market Research Specialist,Confidential -,New Cairo_Cairo_Egypt,Full TimeOn-site,· 1 - 3 Yrs of Exp,Entry Level
Data Engineer,Erada -,Maadi_Cairo_Egypt,Full TimeOn-site,· 2 - 3 Yrs of Exp,Experienced
AI innovation specialist,Nano Shield -,Maadi_Cairo_Egypt,Full TimeOn-site,· 1 - 4 Yrs of Exp,Experienced
Business Analytics Specialist,Confidential -,Cairo_Egypt,Full TimeHybrid,· 3 - 5 Yrs of Exp,Experienced
Data Team Lead,Nahdet Misr Publishing Group -,Mohandessin_Giza_Egypt,Part TimeHybrid,· 4 - 6 Yrs of Exp,Experienced
Senior Power BI Developer,Noases -,Nasr City_Cairo_Egypt,Full TimeOn-site,· 4 - 5 Yrs of Exp,Experienced
Machine Learning Engineer,WUZZUF -,Maadi_Cairo_Egypt,Full TimeHybrid,· 2 - 4 Yrs of Exp,Experienced
Remote Data Entry Clerk: Work From Anywhere,Zonnig Inzicht -,Riyadh_Saudi Arabia,Full Time, entry,Not specified
Virtual Data Entry Admin Assistants – Full Time,Dapco Video -,Dubai_United Arab Emirates,Full Time, entry,Not specified
Data Entry-Remote Admin Virtual Assistants,Dapco Video -,Riyadh_Saudi Arabia,Full Time, entry,Not specified
Virtual Assistant - Data Entry Admin Role,S3WM :: web media + design -,Riyadh_Saudi Arabia,Full Time, Entry,Not specified
Data Entry Admin Virtual Assistant,S3WM :: web media + design -,Dubai_United Arab Emirates,Full Time, Entry,Not specified
Online Data Entry Clerk - Work From Home,GE-V -,Dubai_United Arab Emirates,Full Time, Entry,Not specified
Data Entry Specialist (Remote - Qatar),WorkinVirtual -,Doha_Qatar,Full Time, Entry,Entry Level
Data Entry Clerks Needed - Remote Work,BigLeapGPS -,Riyadh_Saudi Arabia,Full Time, Entry,Not specified
Data Entry Clerks – Remote Work (Part Time),Steady State Sports -,Dubai_United Arab Emirates,Full Time, Entry,Not specified
Data Entry Clerks Needed - Remote Work,GE-V -,Al Rayyan_Qatar,Full Time, Entry,Not specified
Part-Time Data Entry Clerk - Remote Work,GE-V -,Dubai_United Arab Emirates,Full Time, Entry,Not specified
Remote Data Entry Clerks - Entry Level,GE-V -,Dubai_United Arab Emirates,Full Time, Entry,Not specified
Urgent Data Entry Clerks - Work From Home,GE-V -,Dubai_United Arab Emirates,Full Time, Entry,Not specified
Online Data Entry Operator Needed,Steady State Sports -,Riyadh_Saudi Arabia,Full Time, Entry,Not specified
Remote Data Entry Clerk (Part-Time Position),Envirogent -,Dubai_United Arab Emirates,Full Time, Entry,Not specified
Data Clerk (Remote),Kreativstorm -,Riyadh_Saudi Arabia,Full Time, Entry,Entry Level
Easy Work-From-Home Data Entry Clerk,GE-V -,Riyadh_Saudi Arabia,Full Time, entry,Not specified
Online Data Entry Operator Needed,Prax Worldwide Media_ Marketing_ and Promotions -,Riyadh_Saudi Arabia,Full Time, Entry,Not specified
Data Entry Specialist - Work From Home,GE-V -,Riyadh_Saudi Arabia,Full Time, Entry,Not specified
Data Input Specialist - Healthcare Information Systems,Intoude Foundation Too -,Kuwait City_Kuwait,Full Time, Entry,Entry Level
Remote Data Entry Clerk - Entry Level,Lost Notebook -,Riyadh_Saudi Arabia,Full Time, Entry,Not specified
Remote Opportunity: Entry Level Data Entry Clerk,Lost Notebook -,Riyadh_Saudi Arabia,Full Time, entry,Not specified
Remote Opportunity: Entry Level Data Entry Clerk,HgBoxing -,Riyadh_Saudi Arabia,Full Time, entry,Not specified
Data Entry Clerk Admin (Fully Remote),Strength-motion; Inc -,Makkah_Saudi Arabia,Full Time, Entry,Entry Level
Entry-Level Data Entry Clerk Admin (Fully Remote),Strength-motion; Inc -,Makkah_Saudi Arabia,Full Time, Entry,Entry Level
Data Entry Specialist - Full-time (Remote),AllWebsites.be -,Riyadh_Saudi Arabia,Full Time, Entry,Not specified
Data Entry Specialist - Full-time (Remote),AllWebsites.be -,Riyadh_Saudi Arabia,Full Time, Entry,Not specified
Entry-level Virtual Data Entry Clerk (Remote),AllWebsites.be -,Riyadh_Saudi Arabia,Full Time, Entry,Not specified
Entry-level Virtual Data Entry Clerk (Remote),Maastricht Moet Je Horen! -,Riyadh_Saudi Arabia,Full Time, Entry,Not specified
Entry-level Virtual Data Entry Clerk (Remote),Writehandmann -,Riyadh_Saudi Arabia,Full Time, Entry,Not specified
Remote Data Entry Clerk - Entry Level,especiallycreams.com -,Riyadh_Saudi Arabia,Full Time, Entry,Not specified
Entry-level Virtual Data Entry Clerk (Remote),Jenkinsons Decorating Contractors Ltd -,Riyadh_Saudi Arabia,Full Time, Entry,Not specified
Remote Opportunity: Entry Level Data Entry Clerk,MyOnlineTaxPro_ LLC -,Riyadh_Saudi Arabia,Full Time, entry,Not specified
Remote Data Entry Clerk - Entry Level,MyOnlineTaxPro_ LLC -,Riyadh_Saudi Arabia,Full Time, Entry,Not specified
Remote Data Entry Clerk - Entry Level,Ncapsul_ Inc -,Riyadh_Saudi Arabia,Full Time, Entry,Not specified
Remote Data Entry Clerk - Entry Level,Vosill Ltd -,Riyadh_Saudi Arabia,Full Time, Entry,Not specified
Senior Data Scientist - 1 year FTC - Saudi Arabia relocation,Fathom.io -,Riyadh_Saudi Arabia,Full Time, Analysis,Experienced
Data Entry Clerk Admin (Remote) Work From Home,Strength-motion; Inc -,Makkah_Saudi Arabia,Full Time, Entry,Entry Level
Junior Data Scientist (Remote),Kreativstorm -,Riyadh_Saudi Arabia,Full Time, Science,Entry Level
Data Entry Clerk Assistant (100% Remote),Elements of Land Design_ LLC -,Makkah_Saudi Arabia,Full Time, Entry,Entry Level
Remote Data Entry Clerks - Entry Level,Steady State Sports -,Dubai_United Arab Emirates,Full Time, Entry,Not specified
Python Data Scientist (Quantitative Finance),Jobs via eFinancialCareers -,Dubai_United Arab Emirates,Full Time, Science,Entry Level
Data Scientist,Presight -,Dubai_United Arab Emirates,Full Time, Science,Entry Level
Online Data Entry Operator Needed,Envirogent -,Riyadh_Saudi Arabia,Full Time, Entry,Not specified
Data Entry Specialist - Customer Service Records,Intoude Foundation Too -,Kuwait City_Kuwait,Full Time, Entry,Entry Level
Online Data Entry Clerk - Work From Home,Steady State Sports -,Riyadh_Saudi Arabia,Full Time, Entry,Not specified
Remote Work for Data Entry Clerk,Envirogent -,Riyadh_Saudi Arabia,Full Time, Entry,Not specified
Remote Data Entry Clerk (Part Time),BigLeapGPS -,Riyadh_Saudi Arabia,Full Time, Entry,Not specified
Entry-Level Remote Data Entry Clerk,BigLeapGPS -,Riyadh_Saudi Arabia,Full Time, Entry,Not specified
Remote Data Entry Clerk (Full Time/Part Time),BigLeapGPS -,Riyadh_Saudi Arabia,Full Time, Entry,Not specified
Online Data Entry Clerk (Remote),Steady State Sports -,Dubai_United Arab Emirates,Full Time, Entry,Not specified
Data Entry Clerk-Remote-Entry Level,Steady State Sports -,Dubai_United Arab Emirates,Full Time, Entry,Not specified
Data Engineer Specialist,MSD GCC -,Dubai_United Arab Emirates,Full Time, Entry,Not specified
Remote Data Entry Clerks - Immediate Role,GE-V -,Dubai_United Arab Emirates,Full Time, Entry,Not specified
Data Input Specialist - Healthcare Information Systems,Voli_Agency _LLC -,Kuwait City_Kuwait,Full Time, Entry,Entry Level
Urgent Data Entry Clerk (Work-From-Home),FinMed SA de CV -,Riyadh_Saudi Arabia,Full Time, Entry,Not specified
Online Data Entry Operator Needed,FinMed SA de CV -,Riyadh_Saudi Arabia,Full Time, Entry,Not specified
Remote Work for Data Entry Clerk (Part Time),Safe Access_ Inc -,Al Rayyan_Qatar,Full Time, Entry,Not specified
Entry-Level Remote Data Clerk,InfraSystems Solutions -,Riyadh_Saudi Arabia,Full Time, Entry,Not specified
Data Entry Clerk Assistant (100% Remote),Strength-motion; Inc -,Makkah_Saudi Arabia,Full Time, Entry,Entry Level
Data Entry Clerk Admin (Remote) Work From Home,Urim Glass -,Makkah_Saudi Arabia,Full Time, Entry,Entry Level
Entry-Level Data Entry Clerk Admin (Fully Remote),Urim Glass -,Makkah_Saudi Arabia,Full Time, Entry,Entry Level
Data Entry Clerk Admin (Fully Remote),Urim Glass -,Makkah_Saudi Arabia,Full Time, Entry,Entry Level
Data Entry Clerk Assistant (100% Remote),Urim Glass -,Makkah_Saudi Arabia,Full Time, Entry,Entry Level
Remote Data Entry Clerk (Work From Home Role),MLKA photography -,Riyadh_Saudi Arabia,Full Time, Entry,Not specified
Senior Data Engineer,NICE ONE | نايس ون -,Riyadh_Saudi Arabia,Full Time,not specified,Experienced
Data Engineer,Tools & Solutions -,Riyadh_Saudi Arabia,Full Time,not specified,Experienced
Remote Data Entry Clerk (Entry Level Opening),Up-Tek IT Servicing & Consulting -,Riyadh_Saudi Arabia,Full Time, Entry,Not specified
Remote Work for Data Entry Clerk (Part Time),Die Lachswerkstatt -,Riyadh_Saudi Arabia,Full Time, Entry,Not specified
Online Data Entry Clerk (Remote),Constructive Consultants -,Riyadh_Saudi Arabia,Full Time, Entry,Not specified
Remote Data Entry Clerk (Entry Level Opening),ChangePath Consulting -,Al Rayyan_Qatar,Full Time, Entry,Not specified
Entry Level Remote Data Entry Clerk,WXSYS Corporation -,Riyadh_Saudi Arabia,Full Time, Entry,Not specified
Data Entry Clerk Remote  (Entry Level),Networkyourstock.com -,Dubai_United Arab Emirates,Full Time, Entry,Entry Level
Online Data Entry Clerk (Remote),Campfire Consulting -,Dubai_United Arab Emirates,Full Time, Entry,Not specified
Remote Data Entry Clerk (Part Time),eXpertiese werving+selectie -,Dubai_United Arab Emirates,Full Time, Entry,Not specified
Data Entry Clerk Assistant,Campfire Consulting -,Dubai_United Arab Emirates,Full Time, Entry,Not specified
Remote Work for Data Entry Clerk (Part Time),Networkyourstock.com -,Makkah_Saudi Arabia,Full Time, Entry,Entry Level
Data Entry Clerk Admin (Remote) Work From Home,Networkyourstock.com -,Makkah_Saudi Arabia,Full Time, Entry,Entry Level
Data Entry Clerk Remote  (Entry Level),Grafisch Productiebureau Hermes -,Makkah_Saudi Arabia,Full Time, Entry,Entry Level
Remote Data Entry Clerk (Entry Level),Bantu Web Design Solutions -,Riyadh_Saudi Arabia,Full Time, Entry,Not specified
Remote Work for Data Entry Clerk (Part Time),Date Tracking AB -,Dubai_United Arab Emirates,Full Time, Entry,Not specified
Entry-Level Data Entry Clerk Admin (Fully Remote),Networkyourstock.com -,Makkah_Saudi Arabia,Full Time, Entry,Entry Level
Data Entry Clerk Admin (Fully Remote),Networkyourstock.com -,Makkah_Saudi Arabia,Full Time, Entry,Entry Level
Remote Online Data Entry Clerk (Entry Level),The Travel Service_ LLC -,Dubai_United Arab Emirates,Full Time, Entry,Not specified
Remote Work for Data Entry Clerk (Part Time),Futuresafe Planning Ltd -,Riyadh_Saudi Arabia,Full Time, Entry,Not specified
Consumer Insights Specialist,Intoude Foundation Too -,Riyadh_Saudi Arabia,Full Time,not specified,Entry Level
Remote Entry Level Data Entry Clerk,The Travel Service_ LLC -,Riyadh_Saudi Arabia,Full Time, Entry,Not specified
Remote Data Entry Clerk (Immediate),The Travel Service_ LLC -,Dubai_United Arab Emirates,Full Time, Entry,Not specified
Entry-Level Remote Data Entry Clerk,The Travel Service_ LLC -,Riyadh_Saudi Arabia,Full Time, Entry,Not specified
Consumer Insights Specialist,Voli_Agency _LLC -,Riyadh_Saudi Arabia,Full Time,not specified,Entry Level
Jr. Data Scientist,DXC Technology -,Dubai_United Arab Emirates,Full Time, Science,Entry Level
Remote Work for Data Entry Clerk (Part Time),MRPR Aps V/Brasserie Mundgott -,Dubai_United Arab Emirates,Full Time, Entry,Not specified
Data Entry Specialist - Work From Home,Constructive Consultants -,Riyadh_Saudi Arabia,Full Time, Entry,Not specified
Credit Officer,M Hotel Al Dana Makkah By Millennium -,Makkah_Saudi Arabia,Full Time,not specified,Entry Level
Remote Data Entry Clerk (Flexible Tasks),Entrepreneurial University for Women -,Dubai_United Arab Emirates,Full Time, Entry,Not specified
Online Data Entry Operator Needed,Entrepreneurial University for Women -,Dubai_United Arab Emirates,Full Time, Entry,Not specified
Easy Work-From-Home Data Entry Clerk,Entrepreneurial University for Women -,Riyadh_Saudi Arabia,Full Time, entry,Not specified
Remote Data Entry Clerks - Immediate Role,Entrepreneurial University for Women -,Riyadh_Saudi Arabia,Full Time, Entry,Not specified
Data Governance,HR Ways - Hiring Tech Talent -,Makkah_Saudi Arabia,Full Time, Governance,Entry Level
Remote Work for Data Entry Clerk (Part Time),Progressive Solar Heating ltd -,Riyadh_Saudi Arabia,Full Time, Entry,Not specified
Data Entry Clerk Position (Work From Home),netMercs Group -,Riyadh_Saudi Arabia,Full Time, Entry,Not specified
Online Data Entry Operator Needed,netMercs Group -,Riyadh_Saudi Arabia,Full Time, Entry,Not specified
Data Entry Specialist - Customer Service Records,Intoude Foundation -,Kuwait City_Kuwait,Full Time, Entry,Entry Level
Part-Time Data Entry Clerk - Remote Work,Up-Tek IT Servicing & Consulting -,Riyadh_Saudi Arabia,Full Time, Entry,Not specified
Data Input Specialist - Healthcare Information Systems,Intoude Foundation -,Riyadh_Saudi Arabia,Full Time, Entry,Entry Level
Data Entry Specialist - Entry level (Remote),ScoutMine -,Riyadh_Saudi Arabia,Full Time, Entry,Not specified
Home Based Data Entry Clerk,eXpertiese werving+selectie -,Riyadh_Saudi Arabia,Full Time, Entry,Not specified
Remote Work for Data Entry Clerk (Part Time),MLKA photography -,Riyadh_Saudi Arabia,Full Time, Entry,Not specified
Home Based Data Entry Clerk,Constructive Consultants -,Riyadh_Saudi Arabia,Full Time, Entry,Not specified
Chief Financial Officer,Confidential -,Sheraton_Cairo_Egypt,Full TimeOn-site,· 7 - 10 Yrs of Exp,Senior Management
Chief Financial Officer CFO,Confidential -,New Cairo_Cairo_Egypt,Full TimeOn-site,· 15 - 20 Yrs of Exp,Senior Management
Risk officer,Nesma Infrastructure & Technology -,Riyadh_Saudi Arabia,Full Time,not specified,Entry Level
Research Scientist,Nathan & Nathan -,Dubai_United Arab Emirates,Full Time,not specified,Experienced
Foreign Purchasing Specialist,Confidential -,Sheraton_Cairo_Egypt,Full TimeOn-site,· 3 - 5 Yrs of Exp,Experienced
Cost senior Accountant,GB Corp -,Obour City_Cairo_Egypt,Full TimeOn-site,· 3 - 5 Yrs of Exp,Experienced
Cost Accountant,Tredco -,10th of Ramadan City_Sharqia_Egypt,Full TimeOn-site,· 3 - 5 Yrs of Exp,Experienced
Cost Accounting Supervisor,Al Hayat Capital -,Mokattam_Cairo_Egypt,Full TimeOn-site,· 6 - 9 Yrs of Exp,Experienced
Cost Accountant,Nile Development  -,New Cairo_Cairo_Egypt,Full TimeOn-site,· 2 - 4 Yrs of Exp,Experienced
Senior Cost Accountant (Home furniture manufacturing),Confidential -,New Cairo_Cairo_Egypt,Full TimeOn-site,· 7 - 10 Yrs of Exp,Experienced
Cost Accountant,OLIS Holding  -,10th of Ramadan City_Cairo_Egypt,Full TimeOn-site,· 2 - 4 Yrs of Exp,Experienced
Cost Accountant Supervisor,Misr Elhegaz Group -,Heliopolis_Cairo_Egypt,Full TimeOn-site,· 5 - 7 Yrs of Exp,Experienced
Cost Accountant,Misr Elhegaz Group -,Heliopolis_Cairo_Egypt,Full TimeOn-site,· 2 - 3 Yrs of Exp,Entry Level
Accounting Manager,Taamy -,New Cairo_Cairo_Egypt,Full TimeOn-site,· 5+ Yrs of Exp,Experienced
Tax Accountant,Azza Fahmy Jewellery -,6th of October_Giza_Egypt,Full TimeOn-site,· 5 - 8 Yrs of Exp,Experienced
Cost Accountant,Roots Commodities  -,New Cairo_Cairo_Egypt,Full TimeOn-site,· 3 - 5 Yrs of Exp,Experienced
Cost Accountant,International Food & Consumable Goods - Egypt S.A.E -,6th of October_Giza_Egypt,Full TimeOn-site,· 4 - 6 Yrs of Exp,Experienced
Cost Accountant,MEDIC -,Cairo_Egypt,Full TimeOn-site,· 4 - 7 Yrs of Exp,Manager
Junior MERN Full Stack Developer,Salem Ventures -,Maadi_Cairo_Egypt,Full TimeOn-site,· 1 - 2 Yrs of Exp,Experienced
Senior Cost Accountant,Confidential -,Nasr City_Cairo_Egypt,Full TimeOn-site,· 4 - 7 Yrs of Exp,Experienced
Cost Accountant,Kasrawy Group -,Abu Rawash_Giza_Egypt,Full TimeOn-site,· 2 - 4 Yrs of Exp,Experienced
Senior MERN Full Stack Developer,Salem Ventures -,Maadi_Cairo_Egypt,Full TimeOn-site,· 3 - 5 Yrs of Exp,Experienced
Full Stack Developer,Taaly -,Amsterdam_Netherlands,Full TimeRemote,· 3+ Yrs of Exp,Experienced
Accounting Supervisor,Turbo Egypt Compression -,Heliopolis_Cairo_Egypt,Full TimeOn-site,· 6 - 10 Yrs of Exp,Experienced
Cost Accountant,Confidential -,Nasr City_Cairo_Egypt,Full TimeOn-site,· 3 - 5 Yrs of Exp,Experienced
Receivables Accountant,Elabd Foods -,Abu Rawash_Giza_Egypt,Full TimePart TimeOn-site,On-site,Experienced
General Accounting,SAYYAD Holding  -,Hurghada_Red Sea_Egypt,Full TimeOn-site,· 3 - 10 Yrs of Exp,Experienced
Full Stack Developer (Next.js),Wajad -,Riyadh_Saudi Arabia,Full TimeRemote,· 3+ Yrs of Exp,Experienced
Senior Full Stack Developer (Laravel),SMARTTEL -,Nasr City_Cairo_Egypt,Full TimeOn-site,· 3 - 5 Yrs of Exp,Experienced
Odoo Functional Consultant,Confidential -,Sidi Gaber_Alexandria_Egypt,Full TimeOn-site,· 2 - 3 Yrs of Exp,Experienced
Profile Specialist,Argaam -,Mohandessin_Giza_Egypt,Full TimeOn-site,· 1 - 3 Yrs of Exp,Experienced
Oracle (Forms & Reports) Developer,ITFusion -,Maadi_Cairo_Egypt,Full TimeHybrid,· 1 - 2 Yrs of Exp,Entry Level
Oracle Fusion Developer,The IT Gigs -,Cairo_Egypt,Full TimeOn-site,· 3 - 5 Yrs of Exp,Experienced
Senior Full Stack Java Developer,MTS-IT -,Maadi_Cairo_Egypt,Full TimeOn-site,· 2 - 5 Yrs of Exp,Experienced
ERP Technical Support,TAB ERP Solutions -,Nasr City_Cairo_Egypt,Full TimeHybrid,· 3 - 7 Yrs of Exp,Experienced
Distributor Marketing Lead,Rashideen Egypt for Trade  -,Sharqia_Egypt,Full TimeOn-site,· 3 - 5 Yrs of Exp,Experienced
Quality Assurance Specialist,MATGR For Engineering And Trading -,New Cairo_Cairo_Egypt,Full TimeOn-site,· 3 - 7 Yrs of Exp,Experienced
Full Stack Developer (Junior/middle level) (.NET- Angular/react),MiracleEgypt -,Hadayek Alahram_Giza_Egypt,Full TimeOn-site,· 1 - 4 Yrs of Exp,Entry Level
Full Stack Developer (.Net Core - MVC),Dynamicslink -,Nasr City_Cairo_Egypt,Full TimeOn-site,· 3 - 5 Yrs of Exp,Experienced
Senior .Net Software Developer,BI-Technologies -,New Cairo_Cairo_Egypt,Full TimeHybrid,· 2 - 7 Yrs of Exp,Experienced
Full Stack Developer,Confidential -,Jeddah_Saudi Arabia,Full TimeRemote,· 5 - 10 Yrs of Exp,Experienced
GIS Operator,Confidential -,Nasr City_Cairo_Egypt,Full TimeOn-site,· 1 - 2 Yrs of Exp,Experienced
Senior ERP Consultant,TAB ERP Solutions -,Nasr City_Cairo_Egypt,Full TimeHybrid,· 3 - 6 Yrs of Exp,Experienced
Financial Analysis Manager (Home Appliances),Alarabia Group -,Cairo_Egypt,Full TimeOn-site,· 8 - 12 Yrs of Exp,Senior Management
Project Admin Coordinator,MENA INTEL -,Nasr City_Cairo_Egypt,Full TimeOn-site,· 1 - 3 Yrs of Exp,Entry Level
SEO Expert,Second Step  -,New Cairo_Cairo_Egypt,Full TimeOn-site,· 3 - 5 Yrs of Exp,Experienced
Backend Developers/ Full-stack Developers,Confidential -,New Cairo_Cairo_Egypt,Full TimeOn-site,· 3 - 5 Yrs of Exp,Experienced
Social Media Specialist,Confidential -,Alexandria_Egypt,Full TimeRemote,· 3 - 7 Yrs of Exp,Experienced
GIS Team Leader,Confidential -,Nasr City_Cairo_Egypt,Full TimeOn-site,· 5 - 7 Yrs of Exp,Experienced
Accounting Supervisor,Zumra Food -,Nasr City_Cairo_Egypt,Full TimeOn-site,· 3 - 5 Yrs of Exp,Experienced
SEO Writer,Afaqy -,Maadi_Cairo_Egypt,Full TimeHybrid,· 3 - 5 Yrs of Exp,Experienced
System Admin Section Head,Talaat Moustafa Group -,Madinaty_Cairo_Egypt,Full TimeOn-site,· 5 - 7 Yrs of Exp,Experienced
Cost Control Accountant,Outservingplus -,Imbaba_Giza_Egypt,Full TimeOn-site,· 3 - 6 Yrs of Exp,Experienced
Application Support Specialist,Al Ahly Medical Company -,Giza_Giza_Egypt,Full TimeOn-site,· 1 - 2 Yrs of Exp,Entry Level
Senior Full Stack Developer,Salem Ventures -,Maadi_Cairo_Egypt,Full TimeOn-site,· 4 - 6 Yrs of Exp,Experienced
Cost Accountant,Centra for medical supplies  -,6th of October_Giza_Egypt,Full TimeOn-site,· 3 - 5 Yrs of Exp,Experienced
Business Market Researcher,MENA INTEL -,Nasr City_Cairo_Egypt,Full TimeOn-site,· 1 - 3 Yrs of Exp,Experienced
Senior Oracle Financial Consultant,Cairo Three A  for International Industries. -,Cairo_Egypt,Full TimeOn-site,· 4 - 5 Yrs of Exp,Experienced
Business Analysis Supervisor,Ibn Sina Pharma -,New Cairo_Cairo_Egypt,Full TimeOn-site,· 5 - 7 Yrs of Exp,Manager
FP&A Supervisor,IDH -,6th of October_Giza_Egypt,Full TimeOn-site,· 5 - 7 Yrs of Exp,Entry Level
Risk Officer,Erada -,Maadi_Cairo_Egypt,Full TimeOn-site,· 2 - 3 Yrs of Exp,Experienced
Senior SEO Specialist (On-Site),Fantastic Services -,Maadi_Cairo_Egypt,Full TimeOn-site,· 2 - 4 Yrs of Exp,Experienced
Senior Performance Management Specialist,Confidential -,New Cairo_Cairo_Egypt,Full TimeOn-site,· 5+ Yrs of Exp,Experienced
Industrial Cost Accountant,Alfouad for Automotive Spare Parts -,Ameria_Alexandria_Egypt,Full TimeOn-site,· 5 - 10 Yrs of Exp,Experienced
Technical Lead- Java,Egabi FSI -,Sheraton_Cairo_Egypt,Full TimeOn-site,· 10+ Yrs of Exp,Manager
Senior Internal Auditor,Anchor Consultancy -,Obour City_Cairo_Egypt,Full TimeOn-site,· 7 - 10 Yrs of Exp,Experienced
Senior PPC,9H Capital  -,Cairo_Egypt,Full TimeRemote,· 4 - 7 Yrs of Exp,Experienced
General Accountant,Icon Dynamics -,New Cairo_Cairo_Egypt,Full TimeOn-site,· 3 - 5 Yrs of Exp,Experienced
Product Owner,Dimofinf Operations Center -,Nasr City_Cairo_Egypt,Full TimeHybrid,· 3 - 6 Yrs of Exp,Experienced
Quality Manager - Banking Industry,United Elite Company     -,Cairo_Egypt,Full TimeRemote,· 5+ Yrs of Exp,Manager
Senior SEO Specialist,Fantastic Services -,Maadi_Cairo_Egypt,Full TimeOn-site,· 2 - 4 Yrs of Exp,Experienced
ERP Project Manager,TAB ERP Solutions -,Nasr City_Cairo_Egypt,Full TimeOn-site,· 3 - 7 Yrs of Exp,Experienced
Digital Analytics Specialist,Premium Card -,Dokki_Giza_Egypt,Full TimeOn-site,· 1 - 2 Yrs of Exp,Experienced
Technical Writer,NOK for Human Capital Solutions -,Cairo_Egypt,Full TimeOn-site,· 3 - 6 Yrs of Exp,Experienced
Digital Account Manager,Bishop Integrated Solutions  -,Glim_Alexandria_Egypt,Full TimeOn-site,· 2 - 4 Yrs of Exp,Experienced
Software Developer - Full Stack,Capital Guard -,Sheraton_Cairo_Egypt,Full TimeOn-site,not specified,Experienced
Oracle ADF Developer,Ithmaar Integrated Solutions -,Sheikh Zayed_Giza_Egypt,Full TimeHybrid,· 2 - 4 Yrs of Exp,Experienced
SAP Application Manager,Confidential -,Giza_Giza_Egypt,Full TimeHybrid,· 10 - 15 Yrs of Exp,Manager
Senior Financial Modeller,London International Patient Services -,Heliopolis_Cairo_Egypt,Full TimeOn-site,· 10 - 13 Yrs of Exp,Experienced
Odoo Functional Consultant,Algoriza -,6th of October_Giza_Egypt,Full TimeRemote,· 3 - 7 Yrs of Exp,Experienced
Search Engine Optimization Specialist,blackcat media -,Cairo_Egypt,Full TimeRemote,· 2 - 10 Yrs of Exp,Experienced
Senior Full Stack ASP.NET Developer,OrobaSoft -,Cairo_Egypt,Full TimeRemote,· 4 - 5 Yrs of Exp,Experienced
Internal Auditor,Thabat Construction -,Riyadh_Saudi Arabia,Full Time,not specified,Manager
Marketing Team Leader,LAMA Medical -,Maadi_Cairo_Egypt,Full TimeOn-site,· 5 - 8 Yrs of Exp,Manager
UI UX Researcher,classera -,New Cairo_Cairo_Egypt,Full TimeHybrid,· 3 - 5 Yrs of Exp,Entry Level
Business Analysis - Senior Associate,MENA Consultant -,Riyadh_Saudi Arabia,Freelance / Project,not specified,Experienced
Internal Auditor,Flow Talent -,Dubai_United Arab Emirates,Full Time,not specified,Experienced
Oracle DBA Lead,Virtusa -,Doha_Qatar,Full Time,not specified,Entry Level
ATM Testing,Virtusa -,Dubai_United Arab Emirates,Full Time,not specified,Entry Level
Business Analysis - Consultant,MENA Consultant -,Riyadh_Saudi Arabia,Freelance / Project,not specified,Experienced
Junior UX Researcher (Remote),Kreativstorm -,Makkah_Saudi Arabia,Part Time,not specified,Entry Level
Business Development Specialist (Expats),MVC Resources -,Riyadh_Saudi Arabia,Full Time,not specified,Experienced
Power BI developer,Virtusa -,Doha_Qatar,Full Time,not specified,Entry Level
Dot Net Lead/Architect,Virtusa -,Doha_Qatar,Full Time,not specified,Experienced
Finance Business Partner- Supply Chain,Food People -,Riyadh_Saudi Arabia,Full Time,not specified,Experienced
Market Research | Research Director | Riyadh,Ventures Middle East (VME) -,Riyadh_Saudi Arabia,Full Time,not specified,Manager
DevOps Engineer,Virtusa -,Dubai_United Arab Emirates,Full Time,not specified,Entry Level
Local Regulatory Reporting Manager (UAE Nationals Encouraged to Apply),Citi -,Dubai_United Arab Emirates,Full Time,not specified,Not specified
Review & Objections Senior Specialist,Zakat_ Tax and Customs Authority -,Riyadh_Saudi Arabia,Full Time,not specified,Experienced
Pega KYC CLM - System Architect,Virtusa -,Dubai_United Arab Emirates,Full Time,not specified,Entry Level
Pega KYC CLM - Lead Architect,Virtusa -,Dubai_United Arab Emirates,Full Time,not specified,Entry Level
Pharmaceutical Research Specialist,Intoude Foundation Too -,Kuwait City_Kuwait,Full Time,not specified,Experienced
Pricing Manager,Beyond ONE -,Riyadh_Saudi Arabia,Full Time,not specified,Experienced
Pharmaceutical Research Specialist,Voli_Agency _LLC -,Riyadh_Saudi Arabia,Full Time,not specified,Experienced
Shariah Senior Researcher,Zakat_ Tax and Customs Authority -,Riyadh_Saudi Arabia,Full Time,not specified,Experienced
CKSA - Credit Control Specialist_ Riyadh (Saudi National),Canon EMEA -,Riyadh_Saudi Arabia,Full Time,not specified,Entry Level
Specialist - Business Intelligence,Presight -,Dubai_United Arab Emirates,Freelance / Project,not specified,Entry Level
Graphic Designer,HDR -,Riyadh_Saudi Arabia,Full Time,not specified,Experienced
Digital Trading Senior Manager (2022451),Nahdi Medical Co. -,Makkah_Saudi Arabia,Full Time,not specified,Experienced
Assistant Finance Manager | Automotive | United Diesel,Al Rostamani Group -,Dubai_United Arab Emirates,Full Time,not specified,Experienced
Fullstack Developer (Nodejs_ ReactJs),Virtusa -,Dubai_United Arab Emirates,Full Time,not specified,Entry Level
Growth Marketer - Liquidity (EU Remote),Keyrock -,Dubai_United Arab Emirates,Full Time,not specified,Entry Level
Costing Accountant - Temporary Contract,Lifera -,Riyadh_Saudi Arabia,Freelance / Project,not specified,Senior Management
Downstream Business Development Lead (Expats),MVC Resources -,Riyadh_Saudi Arabia,Full Time,not specified,Experienced
Tax | Business Tax | Assistant Manager,Deloitte -,Kuwait City_Kuwait,Full Time,not specified,Entry Level
Cyber Security,GovCIO -,Kuwait City_Kuwait,Full Time,not specified,Entry Level
Tax | Business Tax | Senior Associate,Jobs via eFinancialCareers -,Kuwait City_Kuwait,Full Time,not specified,Entry Level
Finance Director - Saudi Arabia,VML -,Riyadh_Saudi Arabia,Freelance / Project,not specified,Manager
GM_ Care Area & Digital Monetization & Delivery - International,GE HealthCare -,Dubai_United Arab Emirates,Full Time,not specified,Manager
Technical Success Manager,Stats Perform -,Doha_Qatar,Full Time,not specified,Experienced
Finance Director_ IMET,CHEP -,Dubai_United Arab Emirates,Full Time,not specified,Manager
Product Manager,Toptal -,Riyadh_Saudi Arabia,Full Time,not specified,Experienced
People Partner Bi-lingual,Hill & Knowlton -,Dubai_United Arab Emirates,Full Time,not specified,Experienced
